Organization Name,Organization Link,Job Position,Position Link
Nepops,https://www.merojob.com/employer/nepops/,Senior Backend Developer (PHP/Python),https://www.merojob.com/senior-backend-developer-phppython/
Boudha Stupa Thanka Center,https://www.merojob.com/employer/boudha-stupa-thanka-center/,Sales Executive,https://www.merojob.com/sales-executive-981/
Tech Central,https://www.merojob.com/employer/linopo-technologies/,Star Content Creator,https://www.merojob.com/star-content-creator/
A Leading Multinational I.T Company,,Security Operations Center (SOC) Analyst - Intermediate,https://www.merojob.com/soc-analyst/
A Leading Multinational I.T Company,,Security Operations Center (SOC) Analyst - Junior,https://www.merojob.com/soc-analyst-2/
Technology Developments,https://www.merojob.com/employer/sleek/,Senior Laravel / Fullstack Developer,https://www.merojob.com/laravel-fullstack-developer-2/
Ace Higher Secondary School,https://www.merojob.com/employer/ace-higher-secondary-school-2/,ECA Coordinator,https://www.merojob.com/eca-teacher-20/
Millsberry School,https://www.merojob.com/employer/millsberry-school/,Front Desk Officer,https://www.merojob.com/secretarial-front-office-data-entry-4/
Autism Care Nepal Society,,HR And Admin Assistant,https://www.merojob.com/hr-and-admin-assistant-5/
Infinite Nepal,https://www.merojob.com/employer/infinite-nepal/,Senior Software Engineer (Java),https://www.merojob.com/senior-software-engineer-java-24/
Travel Free Travels,https://www.merojob.com/employer/travel-free-travels/,Digital Marketing Executive,https://www.merojob.com/digital-marketing-executive-127/
RV LIFE,https://www.merojob.com/employer/sk-technology/,Senior Full Stack Engineer,https://www.merojob.com/senior-full-stack-engineer-react-react-native-androidios-node-js/
Felt and Yarn,https://www.merojob.com/employer/felt-and-yarn-pvtltd/,Export Documentation Officer,https://www.merojob.com/export-documentation-officer-3/
My Second Teacher,https://www.merojob.com/employer/my-second-teacher/,Educational Content Writer - English,https://www.merojob.com/educational-content-writer-english-2/
My Second Teacher,https://www.merojob.com/employer/my-second-teacher/,Content Editor (English / Nepali),https://www.merojob.com/content-editor-english-nepali-7/
Hydroplan,https://www.merojob.com/employer/hydroplan/,Generation Control Engineer,https://www.merojob.com/generation-control-engineer-2/
RV Group,https://www.merojob.com/employer/rv-group/,Sales and Marketing Executive,https://www.merojob.com/sales-marketing-executive-169/
Right2Study Nepal,https://www.merojob.com/employer/right2study/,General Manager,https://www.merojob.com/general-manager-323/
IEC College of Art and Fashion,https://www.merojob.com/employer/iec-college-of-art-and-fashion/,Admission Counselor,https://www.merojob.com/admission-counselor-11/
Hydroplan,https://www.merojob.com/employer/hydroplan/,Solar PV Systems Engineer,https://www.merojob.com/solar-pv-systems-engineer/
Hydroplan,https://www.merojob.com/employer/hydroplan/,Software Developer And Data Analyst,https://www.merojob.com/software-developer-and-data-analyst/
Foundation for Development Management,https://www.merojob.com/employer/foundation-for-development-management-2/,Research/MEL Associate,https://www.merojob.com/researchmel-associate/
A Leading Multinational I.T Company,,Senior Oracle Database Administrator,https://www.merojob.com/senior-oracle-database-administrator-2/
A Leading Multinational I.T Company,,Database Administrator,https://www.merojob.com/database-administrator-46/
Chuchuro Firm,https://www.merojob.com/employer/chuchuro-firm/,DevOps Engineer,https://www.merojob.com/devops-engineer-75/
First Choice Foods,https://www.merojob.com/employer/first-choice-foods-pvt-ltd-2/,Sales Officer,https://www.merojob.com/sales-officer-862/
Travel Free Travels,https://www.merojob.com/employer/travel-free-travels/,Assosicate PHP-Developer,https://www.merojob.com/assosicate-php-developer/
Harilo Agro Industry Pvt Ltd,https://www.merojob.com/employer/harilo-agro-industry-pvt-ltd/,Production Manager/Food Technologist,https://www.merojob.com/production-manager-102/
Cambridge Public High School,https://www.merojob.com/employer/cambridge-public-high-school/,Grade Teacher,https://www.merojob.com/grade-teacher-192/
Cambridge Public High School,https://www.merojob.com/employer/cambridge-public-high-school/,Front Desk Officer,https://www.merojob.com/front-desk-officer-1167/
Cambridge Public High School,https://www.merojob.com/employer/cambridge-public-high-school/,Social Media Handler,https://www.merojob.com/social-media-handler-29/
Success Travels and Treks,https://www.merojob.com/employer/success-travels-and-treks/,Ticketing And Tour Officer,https://www.merojob.com/ticketing-and-reservation-officer-4/
Neosys Technology,https://www.merojob.com/employer/neosys-technology/,Technical Software Support Intern,https://www.merojob.com/technical-software-support-2/
Passion Foundation,https://www.merojob.com/employer/passion-foundationpvtltd/,IELTS/PTE Instructor,https://www.merojob.com/ieltspte-instructor-30/
Passion Foundation,https://www.merojob.com/employer/passion-foundationpvtltd/,Japanese Language Instructor,https://www.merojob.com/japanese-language-instructor-19/
Green Automobiles,https://www.merojob.com/employer/green-automobiles/,Sales Executives,https://www.merojob.com/sales-executives-80/
Upper Madi Hydropower,https://www.merojob.com/employer/upper-madi-hydropower/,Electrical Engineer,https://www.merojob.com/electrical-engineer-197/
SUGAM OIL SUPPLIERS PVT LTD,https://www.merojob.com/employer/sugam-oil-suppliers-pvt-ltd/,Accountant,https://www.merojob.com/accountant-3288/
Paragon Public School,https://www.merojob.com/employer/paragon-public-school-3/,Nepal Bhasa Teacher,https://www.merojob.com/nepal-bhasa-teacher-3/
Paragon Public School,https://www.merojob.com/employer/paragon-public-school-3/,Boys Hostel Warden,https://www.merojob.com/hostel-warden-73/
Shree Garma Secondary School,https://www.merojob.com/employer/garma-secondary-school/,Biology Teacher,https://www.merojob.com/biology-teacher-8/
Shree Garma Secondary School,https://www.merojob.com/employer/garma-secondary-school/,Secondary Level Science Teacher,https://www.merojob.com/secondary-level-science-teacher-36/
Shree Garma Secondary School,https://www.merojob.com/employer/garma-secondary-school/,Instructor,https://www.merojob.com/instructor-39/
Sharelook PTE,https://www.merojob.com/employer/sharelook-pte-ltd/,Unity Game Developer,https://www.merojob.com/unity-game-developer/
V.S. Infrastructures,https://www.merojob.com/employer/vs-infrastructures-pvt-ltd/,Sales Officer - UPVC / Aluminium,https://www.merojob.com/sales-upvc-aluminium-door-windows/
Sathya Sai Shiksha Sadan,https://www.merojob.com/employer/sathya-sai-shiksha-sadan/,Physics Teacher (Secondary Level),https://www.merojob.com/secondary-level-physicsteacher/
Momoway,,Sales And Marketing Officer,https://www.merojob.com/sales-and-marketing-officer-244/
Kaya Sports,https://www.merojob.com/employer/kaya-sports/,Business Process Specialist,https://www.merojob.com/business-process-specialist/
A Meditation Training Centre,,Customer Support Generalist,https://www.merojob.com/customer-support-generalist/
Wize Media,https://www.merojob.com/employer/wize-media/,Business Development Officer,https://www.merojob.com/business-development-officer-687/
EVENT SOLUTION,https://www.merojob.com/employer/event-solution-pvtltd/,Senior Accountant,https://www.merojob.com/senior-accountant-442/
EVENT SOLUTION,https://www.merojob.com/employer/event-solution-pvtltd/,Marketing Officer,https://www.merojob.com/marketing-personnel-28/
Lucky Holidays,https://www.merojob.com/employer/lucky-holidays/,Tour Operator,https://www.merojob.com/tour-operator-32/
Mavin Accountants Nepal,https://www.merojob.com/employer/mavin-accountants-nepal-private-limited/,Senior Accountant,https://www.merojob.com/senior-accountant-443/
Ascon Homes,https://www.merojob.com/employer/ascon-homes/,Admin Officer,https://www.merojob.com/admin-officer-249/
Mount Kanchan International,https://www.merojob.com/employer/mount-kanchan-international/,Documentation Officer,https://www.merojob.com/documentation-officer-292/
JB Developers,https://www.merojob.com/employer/jb-developers/,Receptionist,https://www.merojob.com/receptionist-1959/
JB Developers,https://www.merojob.com/employer/jb-developers/,Assistant Accountant,https://www.merojob.com/assistant-accountant-190/
JB Developers,https://www.merojob.com/employer/jb-developers/,Sales Officer,https://www.merojob.com/sales-officer-863/
ComplianceQuest Nepal Pvt. Ltd.,https://www.merojob.com/employer/compliancequest-nepal-pvt-ltd/,Software Engineer â€“ Salesforce Developer,https://www.merojob.com/software-engineer-salesforce-developer-2/
Nepa Rudraksha,https://www.merojob.com/employer/nepa-rudraksha/,UI/UX Designer,https://www.merojob.com/uiux-designer-127/
The YOU Foundation,https://www.merojob.com/employer/the-you-foundation/,Program Manager (PM),https://www.merojob.com/program-manager-pm/
V.S. Infrastructures,https://www.merojob.com/employer/vs-infrastructures-pvt-ltd/,Sales Officer - Construction Materials,https://www.merojob.com/sales-construction-materials-tiles-sanitary-pipes/
V.S. Infrastructures,https://www.merojob.com/employer/vs-infrastructures-pvt-ltd/,Interior Designer,https://www.merojob.com/interior-designer-169/
Broadway Infosys,https://www.merojob.com/employer/broadway-infosys-nepal/,Student Relation Officer,https://www.merojob.com/student-relation-officer-2/
Aotrek Tourism,https://www.merojob.com/employer/aotrek-tourism-pvt-ltd-2/,Field Marketing Officer,https://www.merojob.com/field-marketing-officer-10/
InternetHarbor,https://www.merojob.com/employer/internetharbor/,Finance Officer,https://www.merojob.com/finance-7/
InternetHarbor,https://www.merojob.com/employer/internetharbor/,Secretary,https://www.merojob.com/finance-6/
Impower Healthcare,https://www.merojob.com/employer/imp-healthcare/,Business Development Manager,https://www.merojob.com/business-development-manager-402/
Impower Healthcare,https://www.merojob.com/employer/imp-healthcare/,Admin Officer,https://www.merojob.com/admin-officer-245/
Impower Healthcare,https://www.merojob.com/employer/imp-healthcare/,Nurse,https://www.merojob.com/staff-nurse-248/
International Center for Academics (ICA),https://www.merojob.com/employer/international-center-for-academics-ica/,Counseling Manager,https://www.merojob.com/counseling-coordinator-manager/
Shakti Food,https://www.merojob.com/employer/shakti-food-pvt-ltd/,Junior Accountant,https://www.merojob.com/junior-accuntant/
Weaver and Loom,https://www.merojob.com/employer/weaver-and-loom/,Junior Graphic Designer,https://www.merojob.com/junior-graphic-designer-carpet-designing/
Rukmani International,https://www.merojob.com/employer/rukmani-international-pvt-ltd-2/,Sales / Public Relations,https://www.merojob.com/sales-public-relations-2/
Sarawagi Group,https://www.merojob.com/employer/sarawagi-group/,Senior Account Officer - Banking & MIS,https://www.merojob.com/sr-accounts-officer-banking-cum-mis/
Bugv Software Technologies,https://www.merojob.com/employer/bugv-software-technologies-pvt-ltd-2/,Sales And Marketing Officer,https://www.merojob.com/sales-and-marketing-officer-246/
Brihaspati Vidyasadan,https://www.merojob.com/employer/brihaspati-vidyasadan-3/,HR Officer,https://www.merojob.com/hr-officer-301/
Entegra Sources,https://www.merojob.com/employer/entegra-sources/,Technical Writer - Electrical And Electronics Engineer,https://www.merojob.com/technical-writer-electrical-and-electronics/
Prime College,https://www.merojob.com/employer/prime-college/,Office Assistant,https://www.merojob.com/office-assistant-569/
ComplianceQuest Nepal Pvt. Ltd.,https://www.merojob.com/employer/compliancequest-nepal-pvt-ltd/,Associate Scrum Master,https://www.merojob.com/associate-scrum-master/
Sanima Hydro,https://www.merojob.com/employer/sanima-hydro/,Electrical Overseer,https://www.merojob.com/electrical-overseer-34/
Brihaspati Vidyasadan,https://www.merojob.com/employer/brihaspati-vidyasadan-3/,Middle School English Teacher,https://www.merojob.com/middle-school-english-teacher-5/
Saurabh Group,https://www.merojob.com/employer/sarbottam-cement/,Procurement Officer,https://www.merojob.com/procurement-officer-154/
LOGICRA Innovations,https://www.merojob.com/employer/logicra-innovations/,Executive - Sales,https://www.merojob.com/executive-sales-16/
Bonjour Cosmetics and Fragrances,,Sales Girl,https://www.merojob.com/sales-girl-for-cosmetic-outlet/
Kathmandu Infosys Educational Consultancy,https://www.merojob.com/employer/kathmandu-infosys-educational-consultancy-2/,Front Desk Officer,https://www.merojob.com/front-desk-officer-1176/
UNDP Procurement,https://www.merojob.com/employer/undp-procurement/,Team Leader (National Consultant) for Preparation of National Biodiversity  Strategy and Action Plan (2024-2030),https://www.merojob.com/team-leader-national-consultant-for-preparation-of-national-biodiversity-strategy-and-action-plan-2024-2030/
Hospitality Guides,,Food Content Producer/Reporter/Presenter,https://www.merojob.com/food-content-producerreporterpresenter/
Hospitality Guides,,Multimedia and Content editor/Designer,https://www.merojob.com/multimedia-and-content-editordesigner/
Hospitality Guides,,Sales and Marketing Officer,https://www.merojob.com/sales-and-marketing-officer-243/
Bravos International,https://www.merojob.com/employer/bravos-international/,Agricultural Specialist,https://www.merojob.com/agricultural-specialist/
Entegra Sources,https://www.merojob.com/employer/entegra-sources/,Sales Executive,https://www.merojob.com/sales-executive-980/
SK Ventures,https://www.merojob.com/employer/sk-ventures-pvt-ltd/,Corporate Sales Officer,https://www.merojob.com/corporate-sales-officer-11/
Dish Media Network,https://www.merojob.com/employer/dish-media-network/,Associate NOC Engineer,https://www.merojob.com/associate-noc-engineer-3/
Dish Media Network,https://www.merojob.com/employer/dish-media-network/,Junior ERP Developer,https://www.merojob.com/junior-erp-developer/
Dish Media Network,https://www.merojob.com/employer/dish-media-network/,Associate Broadcast Engineer,https://www.merojob.com/associate-broadcast-engineer-7/
Dish Media Network,https://www.merojob.com/employer/dish-media-network/,Assistant Electrical Engineer,https://www.merojob.com/assistant-electrical-engineer/
Dish Media Network,https://www.merojob.com/employer/dish-media-network/,Marketing Associate,https://www.merojob.com/marketing-associate-41/
Global Quality Council,https://www.merojob.com/employer/global-quality-council/,Auditor,https://www.merojob.com/auditor-13/
Global Quality Council,https://www.merojob.com/employer/global-quality-council/,Trainer,https://www.merojob.com/trainer-27/
Gulf Travel and Tours,https://www.merojob.com/employer/gulf-travel-and-tours/,Sales and Marketing Executive,https://www.merojob.com/sales-and-marketing-executive-166/
The Asia Foundation,,"Provincial Field Coordinator, Consultant (Lumbini based)",https://www.merojob.com/provincial-field-coordinator-consultant-lumbini-based/
Ample International Education,https://www.merojob.com/employer/ample-international-education/,Assistant Trainee Counselor,https://www.merojob.com/assistant-trainee-counselor/
Ample International Education,https://www.merojob.com/employer/ample-international-education/,Receptionist,https://www.merojob.com/receptionist-1958/
NIME Education,https://www.merojob.com/employer/national-institute-of-management-excellence/,Admin and Account Assistant,https://www.merojob.com/front-desk-officer-1173/
Hotel Jampa,https://www.merojob.com/employer/hotel-jampa/,Receptionist,https://www.merojob.com/receptionist-1952/
Sathya Sai Shiksha Sadan,https://www.merojob.com/employer/sathya-sai-shiksha-sadan/,Computer Science Teacher (Secondary Level),https://www.merojob.com/secondary-level-computer-science-teacher-6/
Sathya Sai Shiksha Sadan,https://www.merojob.com/employer/sathya-sai-shiksha-sadan/,Math Teacher (Secondary Level),https://www.merojob.com/math-teacher-35/
Himalayan Childrens Foundation,https://www.merojob.com/employer/himalayan-childrens-foundation/,Hostel Cook,https://www.merojob.com/hostel-cook-6/
Trek Himalayan Nepal,https://www.merojob.com/employer/trek-himalayan-nepal/,Front Desk Officer,https://www.merojob.com/office-executive-33/
KBAGlobal,https://www.merojob.com/employer/kbaglobal/,HR Officer,https://www.merojob.com/hr-officer-300/
KBAGlobal,https://www.merojob.com/employer/kbaglobal/,Visa Support Officer,https://www.merojob.com/visa-support-officer-2/
KBAGlobal,https://www.merojob.com/employer/kbaglobal/,IT/Admin Support Officer,https://www.merojob.com/itadmin-support-officer/
Bravos International,https://www.merojob.com/employer/bravos-international/,International Business Coordinator,https://www.merojob.com/international-business-coordinator/
Sunkoshi Beach Resort and Organic Farm,,Accountant,https://www.merojob.com/accountant-3278/
United School,,Assistant Grade Teacher,https://www.merojob.com/assistant-grade-teacher-2/
United School,,Computer Teacher - Lower Secondary Level,https://www.merojob.com/computer-teacher-lower-secondary-level-11/
A School,,Assistant Teacher - Primary Level,https://www.merojob.com/assistant-teacher-primary-level-6/
DCWC Community Hospital,https://www.merojob.com/employer/dwwc/,Lab Technician,https://www.merojob.com/lab-technician-122/
DCWC Community Hospital,https://www.merojob.com/employer/dwwc/,Auxiliary Nurse Midwife,https://www.merojob.com/auxiliary-nurse-midwife/
DCWC Community Hospital,https://www.merojob.com/employer/dwwc/,Staff Nurse - PCL,https://www.merojob.com/staff-nurse-pcl/
Medpal Life Care,https://www.merojob.com/employer/medpal-pvt-ltd/,Senior Sales Executive,https://www.merojob.com/senior-sales-executive-29/
Medpal Life Care,https://www.merojob.com/employer/medpal-pvt-ltd/,Sales Person,https://www.merojob.com/sales-person-122/
Panchakanya Group,https://www.merojob.com/employer/panchakanya-group-2/,Officer / Sr. Officer - Sales,https://www.merojob.com/senior-officer-officer-sales/
BP Construction Pvt. Ltd,https://www.merojob.com/employer/bp-construction-pvt-ltd/,Senior Project Manager,https://www.merojob.com/senior-project-manager-16/
Human Fit Craft,https://www.merojob.com/employer/human-fit-craft/,Digital Marketing Executive,https://www.merojob.com/digital-marketing-executive-126/
Nepal Hemophilia Society,https://www.merojob.com/employer/nepal-hemophilia-society-2/,Program Officer,https://www.merojob.com/program-officer-188/
Nepal Hemophilia Society,https://www.merojob.com/employer/nepal-hemophilia-society-2/,Accountant,https://www.merojob.com/accountant-3276/
Tilganga City Eye Center,https://www.merojob.com/employer/tilganga-city-eye-center/,Pharmacy Assistant,https://www.merojob.com/pharmacy-assistant-42/
Universal Construction & Water Treatment,https://www.merojob.com/employer/universal-construction-water-treatment-pvtltd/,Sub-Engineer,https://www.merojob.com/sub-engineer-74/
Equagen Engineers PLLC,https://www.merojob.com/employer/equagen-pllc/,Electrical Engineer,https://www.merojob.com/electrical-engineer-194/
Equagen Engineers PLLC,https://www.merojob.com/employer/equagen-pllc/,Senior Protection and Control Engineer,https://www.merojob.com/senior-protection-and-control-engineer/
Smart Study Center,https://www.merojob.com/employer/smart-study-center/,Social Media/IT Handling Officer,https://www.merojob.com/social-mediait-handling-officer/
Mingcolor Shopping Private Limited,,Sales Girl,https://www.merojob.com/sales-girl-assistant/
Safal International Education Consultancy,https://www.merojob.com/employer/safal-international-education-consultancy/,Front Desk Officer,https://www.merojob.com/front-desk-officer-1170/
Priya Impex,https://www.merojob.com/employer/priya-impex/,Business Development Manager,https://www.merojob.com/business-development-manager-400/
Priya Impex,https://www.merojob.com/employer/priya-impex/,Godown Incharge / Godown Supervisor / Store Keeper,https://www.merojob.com/godown-incharge-godown-supervisor-store-keeper/
Motors Nepal,https://www.merojob.com/employer/motors-nepal/,Business Development Manager,https://www.merojob.com/business-development-manager-401/
Motors Nepal,https://www.merojob.com/employer/motors-nepal/,Customer Service Executive,https://www.merojob.com/telecaller-telemarketing-customer-service-executive/
Motors Nepal,https://www.merojob.com/employer/motors-nepal/,Office Boy / Field Assistant,https://www.merojob.com/office-boy-field-sales-executive/
Masta Kala Crafts,https://www.merojob.com/employer/masta-kala-crafts/,Sales and Marketing Representative,https://www.merojob.com/sales-and-marketing-representative-45/
Masta Kala Crafts,https://www.merojob.com/employer/masta-kala-crafts/,Logistic Manager,https://www.merojob.com/logistic-manager-18/
Machinery Solutions Nepal,https://www.merojob.com/employer/machinery-solutions-nepal-pvt-ltd/,Sales and Marketing Representative,https://www.merojob.com/sales-and-marketing-representative-46/
Technovate International,https://www.merojob.com/employer/technovate-international-pvt-ltd/,Accounts / Finance Officer,https://www.merojob.com/accountsfinance-officer-4/
Kathmandu Lanco,https://www.merojob.com/employer/kathmandu-lanco/,Data Manager (Data Entry),https://www.merojob.com/data-manager-data-entry/
Nepal Investment Ventures,,Sales Executive,https://www.merojob.com/sales-executive-978/
Shasheela Motors,https://www.merojob.com/employer/shasheela-motors/,Dealer Development Manager,https://www.merojob.com/dealer-development-manager/
Shasheela Motors,https://www.merojob.com/employer/shasheela-motors/,Sales Manager,https://www.merojob.com/sales-manager-515/
Shasheela Motors,https://www.merojob.com/employer/shasheela-motors/,Sales Officer,https://www.merojob.com/sales-officer-861/
Vastukala Paramarsha,https://www.merojob.com/employer/vastukala-paramarsha/,Architect,https://www.merojob.com/architect-467/
Lomus Pharma,https://www.merojob.com/employer/lomus-pharma/,Regional Sales Manager (RSM),https://www.merojob.com/regional-sales-manager-89/
Lomus Pharma,https://www.merojob.com/employer/lomus-pharma/,Medical Representative (MR),https://www.merojob.com/medical-representative-155/
Equagen Engineers PLLC,https://www.merojob.com/employer/equagen-pllc/,Civil / Structure Engineer,https://www.merojob.com/electrical-engineer-195/
Sarawagi Group,https://www.merojob.com/employer/sarawagi-group/,Senior Sales Officer,https://www.merojob.com/sr-sales-officer-16/
A BPO Company,https://www.merojob.com/employer/b-and-b-softed-pvt-ltd/,Client Service Executive (Night Shift),https://www.merojob.com/client-service-executive-night-shift-23/
Asian E-learning,https://www.merojob.com/employer/asian-e-learning-pvt-ltd/,Business Development Officer,https://www.merojob.com/business-development-officer-676/
Asian E-learning,https://www.merojob.com/employer/asian-e-learning-pvt-ltd/,Business Development Executive,https://www.merojob.com/business-development-executive-266/
SIEC Education,https://www.merojob.com/employer/siec-education-pvt-ltd/,IELTS Trainer,https://www.merojob.com/ielts-trainer-2/
Nepa Rudraksha,https://www.merojob.com/employer/nepa-rudraksha/,Customer Care Specialist,https://www.merojob.com/customer-care-specialist-3/
Himalayan Childrens Foundation,https://www.merojob.com/employer/himalayan-childrens-foundation/,Hostel In-charge,https://www.merojob.com/hostel-in-charge-12/
Impetus Incorporation,https://www.merojob.com/employer/impetus-incorporation-pvt-ltd/,Python - Senior Software Engineer,https://www.merojob.com/sr-software-engineer-python-2/
Impetus Incorporation,https://www.merojob.com/employer/impetus-incorporation-pvt-ltd/,C# - Software Developer,https://www.merojob.com/software-developer-c-net/
Impetus Incorporation,https://www.merojob.com/employer/impetus-incorporation-pvt-ltd/,"C#, Node JS / Python - Senior Software Developer",https://www.merojob.com/senior-software-developer-c-node-js-python/
SIEC Education,https://www.merojob.com/employer/siec-education-pvt-ltd/,Career Advisor - Overseas Education,https://www.merojob.com/career-advisor-urgent-hiring/
Himalayan Childrens Foundation,https://www.merojob.com/employer/himalayan-childrens-foundation/,Academic Coordinator,https://www.merojob.com/academic-coordinator-47/
Khantze & Co.,https://www.merojob.com/employer/khantze-co/,Corporate Accountant,https://www.merojob.com/corporate-accountant-3/
Rathi Adhesive,https://www.merojob.com/employer/rathi-adhesive/,Customer Outreach Executive,https://www.merojob.com/customer-outreach-executive-2/
IIMI Asia Pacific,https://www.merojob.com/employer/iimi-direct/,Data Entry Operator,https://www.merojob.com/data-entry-operator-67/
Nepal HR Solutions,https://www.merojob.com/employer/nepal-hr-solutions-pvtltd/,Documentation Officer,https://www.merojob.com/documentation-officer-291/
Nepal HR Solutions,https://www.merojob.com/employer/nepal-hr-solutions-pvtltd/,Office Secretary,https://www.merojob.com/office-secretary-347/
Human Fit Craft,https://www.merojob.com/employer/human-fit-craft/,Brand Manager,https://www.merojob.com/brand-manager-82/
Human Fit Craft,https://www.merojob.com/employer/human-fit-craft/,Corporate Marketing Assistant,https://www.merojob.com/corporate-marketing-assistant/
App Haru,https://www.merojob.com/employer/app-haru-pvt-ltd/,Technical Writer,https://www.merojob.com/technical-writer-72/
Rathi Adhesive,https://www.merojob.com/employer/rathi-adhesive/,Store Keeper,https://www.merojob.com/store-keeper-263/
App Haru,https://www.merojob.com/employer/app-haru-pvt-ltd/,Digital Marketing Officer,https://www.merojob.com/digital-marketing-officer-151/
Homeland Paints,https://www.merojob.com/employer/homeland-media/,Sales Manager,https://www.merojob.com/sales-manager-512/
Homeland Paints,https://www.merojob.com/employer/homeland-media/,Area Sales Manager,https://www.merojob.com/area-sales-manager-305/
Amity Global Education,https://www.merojob.com/employer/amity-global-employment-services/,Document Controller,https://www.merojob.com/document-controller-24/
Amity Global Education,https://www.merojob.com/employer/amity-global-employment-services/,Assistant Accountant,https://www.merojob.com/assistant-accountant-189/
Amity Global Education,https://www.merojob.com/employer/amity-global-employment-services/,Receptionist,https://www.merojob.com/receptionist-1954/
N.I.E. Nepal Institute of Engineering,https://www.merojob.com/employer/nepal-institute-of-engineering/,Marketing and Media Coordinator,https://www.merojob.com/marketing-and-media-coordinator/
Danfe International Consulting Services,https://www.merojob.com/employer/danfe-international-consulting-services/,Front Desk Officer,https://www.merojob.com/front-desk-officer-1166/
Danfe International Consulting Services,https://www.merojob.com/employer/danfe-international-consulting-services/,Counselor/Admission Officer,https://www.merojob.com/counseloradmission-officer/
Danfe International Consulting Services,https://www.merojob.com/employer/danfe-international-consulting-services/,IELTS Instructor,https://www.merojob.com/ielts-instructor-117/
Montage Overseas,https://www.merojob.com/employer/montage-overseas-2/,Manpower Operation Manager,https://www.merojob.com/manpower-operation-manager/
Montage Overseas,https://www.merojob.com/employer/montage-overseas-2/,HR Manager,https://www.merojob.com/hr-manager-288/
Montage Overseas,https://www.merojob.com/employer/montage-overseas-2/,Documentation Officer,https://www.merojob.com/documentation-officer-289/
Bhaargavi Engineering,https://www.merojob.com/employer/bhaargavi-engineering-pvt-ltd-2/,Accountant / Front Desk Officer,https://www.merojob.com/accountant-3253/
Bhaargavi Engineering,https://www.merojob.com/employer/bhaargavi-engineering-pvt-ltd-2/,Architect,https://www.merojob.com/architect-462/
Bhaargavi Engineering,https://www.merojob.com/employer/bhaargavi-engineering-pvt-ltd-2/,Site/ Desk Civil Engineer,https://www.merojob.com/site-desk-engineer/
ABC Consultancy,https://www.merojob.com/employer/light-house-nepal/,Intern - Data Specialist,https://www.merojob.com/intern-data-specialist/
GRIHA JYOTI INTERNATIONAL PVT LTD,https://www.merojob.com/employer/griha-jyoti-international-pvt-ltd/,Interior Site Supervisor,https://www.merojob.com/interior-site-supervisor-3/
Signode India,https://www.merojob.com/employer/signode-india/,Sales Executive,https://www.merojob.com/sales-executive-972/
Hansikar Technologies,https://www.merojob.com/employer/hansikar-technologies-2/,Business Development Officer,https://www.merojob.com/talent-acquisition-specialist-16/
Hansikar Technologies,https://www.merojob.com/employer/hansikar-technologies-2/,SEO Intern,https://www.merojob.com/seo-intern-12/
